Total results: 26.;;;;;;;;;;;;;;;;;;;;;;;;;;;;
Explore the list of result: (https://impresso-project.ch/app/search?sq=CgYIARACGAIKEwgBEAIYByABKglob3Jvc2NvcGUKCggBEAIYDCoCZGUKGQgBEAIYCSoHbHV4d29ydCoDRFRUKgNOWloKBggBEAIYAg==);;;;;;;;;;;;;;;;;;;;;;;;;;;;
This data is provided for research purposes only.;;;;;;;;;;;;;;;;;;;;;;;;;;;;
;;;;;;;;;;;;;;;;;;;;;;;;;;;;
uid;access_right;collections;countryCode;dataProviderCode;excerpt;isOnFrontPage;is_content_available;is_olr;issue;languageCode;locations_mentioned;mediaCode;mediaPoliticalOrientation;mediaTopics;newsagencies_mentioned;pages;periodicity;persons_mentioned;provinceCode;publicationDate;relevance;title;topics;totalPages;transcript;transcriptLength;type;year
DTT-1958-07-19-a-i0041;;;CH;Migros;[Copyright restricted];False;N;True;DTT-1958-07-19-a;de;England|FONTANA|Fontana|Amerika|ßawdon|DIXIELAND;DTT;na;na;;11;na;Jazzecke|Sängerin Sarah Vauglian|Pianisten|Roneil Bright|Altsaxophonist Louis Jordan|Timpany Five|Leroy Lang|Howard Reynolds|Jimmy Mobley|Duncan|drm|Gil Evans|AHEAD|Ernie Royal|Lou Mueci|Julius Watkins|Frank Rehak|Ccmonball|Chuck Wayne|Paul Chambers|Philly Joe Jones|PARLOPHONE|DANKWORTH|SOMERSET MORN|HULLABALOO|HOROSCOPE|MAGENTA MIDGET|LIMEHOUSE|Dickte Hawdon|Derrick Abbott|Bill Metcalf|Colin Wright|tp|Laune Monk|Tony Russell|Danny Elwood|Jack Botterell|Alex Leslie|Eric Dawson|Kenny Cläre|Dickie Hawdon|Perrick Abbott|Beck Qqwtley|ColinWvigtii|Garry Brown|Laurie Monk|Altsaxophonist Johnny Dankworth|MusikSr|Bandleader Johnny Dankworth|Bolling|Chevallier|Jazzfreund|JIMMY McPARTLANDS|Jimmy McPartland|Tyree Glenn|Peanuts Hucko|Diok Cary|Bill Crow|Casamenti|Cliff Leeman|Ernie Caceres|George Wettling;na;1958-07-19T00:00:00Z;4.102252;Jazzecke ää ^ um—¦Mm —uaamri+laJzZtäm;tm-de-all-v2.0_tp87_de|0.619 tm-de-all-v2.0_tp15_de|0.127 tm-de-all-v2.0_tp45_de|0.088;1;[Copyright restricted];893;ar;1958
DTT-1959-06-27-a-i0223;;;CH;Migros;[Copyright restricted];False;N;True;DTT-1959-06-27-a;de;Amphitryon|Hechtplatz|Großmünster|Bürkliplatz|Wollishofen|Landsgemeinde|Stadt Zürich|Los Angeles|Hörsaal|PhysllwbäudesGlorlakraße|Letzibad|Wien|Hornussen|Helmhaus|Limmatquai|Schweizer|Paris|Galerie Kirchgasse|Kirchgasse 38|Lausanne|Luzern|Aubusson|Dufourstraße|TrlttHgasse|Neustadtgasse 2|Basel|Florastraße|Predigerplatz|Galerie Neumarkt|Töpfern|Galerie Neupert|Bahnhofstraße|Barbizon|Pelikanstraße|Seefeldstraße|Soulages|Bourdonnaye|Beckenhofstr|Obere Zäune|Frankengasse|Rothrist|StrauHoff|Augustinergasse|Bederstr|Zürichberg|Mythenquai 88|Freiland|Meise|Ecke Ramistraße|Künstlergasse|Seestraße|Offen|Bambus|Himalaja|Spalebärg|Broadway|LivlngStones|Westminsterabtei|France|Ausland|Schlagermodeschau|Mosaik|Berner|Füllhorn|Suisse|Arisdorf|Beromünster|New|York|Montagne|Valais|Sicilienne|Beaumarchais|Posthorn|Micropartout|Cinemagazlne|Choräle|Terre|Tombouctou|Monte Oeneri|Grigioni;DTT;na;na;;7;na;Junl|Maria Stuart|Friedrich Schiller|Jean Giraudoux|William Shakespeare|Robert Stolz|Richard Wagner|Cabaret Federal|Eusi chliini|Paul Burkhard|Fridolin Tschudi|Muraltengut|Zürcher Marionetten|Schneckenburgers|Enoch Arden|Pianistin Bärbel Andreae|Beethovens|Winterthurer Streichquartett|Harmonie Zürlch|Harmonie Unterstraß|Polizeimusik Zürich|Albisgüetli|Zürcherische|Kirche Enge|Stadtmusik ZUrlch|Männerchor Enge|Kollerwiese Wiedikon|Burriweg|Musikverein Schwamendingen|Rudern|Mythenquai|Allmend|Hans Fischer|Alfred Manessier|Emanuel Jacob|Maria Benedetti|Gottfried Kunz|Willy Behrndt|Suzanne Bollag|Elsa Burckhardt|Blum|Jean Praubert|Ilse Voigt|Silvia Valentin|Galerie Koller|Werner Zogg|Konrad Hofer|Bernard|Deraln|Füßli|Hodler|Kikoine|Klsling|Renoir|Rodln|Soldenhoff|Fuchs|Iskander|KIW|Pidoux|Soshana|Steffen|Stehli|Sues|Zeier|Sina Soracreppa|Auguste Serbin|Institut Orell FülM|Ausstellung Fritz Zbinden|Galerle|Ausstellung Karl Hosch|Hamaguchl|Poliakoff|Härtung|Galerie Peyer|Graphik|Kurt Hedlger|Annahof|Rudolf Wunderlin|Henri Wenger|Marco Richterich|Bruno Hesse|Sammlungen|Arthur Grumlaux|Fritz Kreisler|Villiger|Garfield Alder|Quadflieg|Friedrich Hölderlin|Robert Schumann|Pianist David Parkhouse|Radio Basel|Basler Kammerorchester|Massenet|Brahms|Klarinettenquintett|Pierre Gobat|Benjamin Britten|Gorni Kramer|Dick Visser|Gitarre|Abbe Joseph Bovet|Bickel|Anne Bäbi|Gotthelf|Schubert|Constant Lambert|Horoscope|Witold Malcuzynski|Morton Gould|Verdi|Bonntag|Aldous Huxley|Beth Wendel|Melodie|Joseph Haydn|Jodele|Bödele|Franz Sidler|Joaquin Turina|Serenata|Hans Christian Andersen|Hermann Hesse|Orchestertänze|Mathieu Schiner|Eddie Barclay|Bach|Vivaldi|Richard Strauß|Gounod|Lehar|Maitre Cornelius|Honore de Balzac|Wilhelm Kempff|Frederic Chopin|lOrchestre|Frank Chacksfield|Monsieur Begonla|Geo Voumärd|Olivler Messiaen|Mattre Cornelius|Rondin|Mozart|Marotta|MuUa|Voci|Quotidiano|Ludwig van Beot w;na;1959-06-27T00:00:00Z;1.0964508;mwm®fmmm WMMMMEMW*W>M@>@IMMMM;tm-de-all-v2.0_tp62_de|0.389 tm-de-all-v2.0_tp26_de|0.235 tm-de-all-v2.0_tp56_de|0.163 tm-de-all-v2.0_tp64_de|0.097;1;[Copyright restricted];3826;ar;1959
DTT-1959-07-02-a-i0035;;;CH;Migros;[Copyright restricted];False;N;True;DTT-1959-07-02-a;de;Gottheit|France|New|York|Schweiz|Calabrla|Deutschland|Wimbledon|Graubünden|Nordwestschwelz|Wallis|Kölnisch;DTT;na;na;;7;na;Anne Bäbi|Schubert|Constant Lambert|Horoscope|Hermann Hesse|Prinz Albert von Belgien|Prinzessin Paola Ruffa|Fernsehspiel|Märta|Kerstin Ekvall|Frau Pröbstin;na;1959-07-02T00:00:00Z;4.7674556;Radio Beromünster Mittwoch, 1. Juli 1959...;tm-de-all-v2.0_tp62_de|0.307 tm-de-all-v2.0_tp74_de|0.163 tm-de-all-v2.0_tp30_de|0.093 tm-de-all-v2.0_tp67_de|0.092 tm-de-all-v2.0_tp45_de|0.074 tm-de-all-v2.0_tp64_de|0.061 tm-de-all-v2.0_tp24_de|0.052;1;[Copyright restricted];536;ar;1959
DTT-1970-01-03-a-i0046;;;CH;Migros;[Copyright restricted];False;N;True;DTT-1970-01-03-a;de;Polen|Jugoslawien|Bosnä|Kine;DTT;na;na;;13;na;Horoscope|Boro Drascovics|Polanskis|Boro Drascovic|Zukti Dzum hur|Ognjen Milicevic|Darsteller|Milena Dra cic|Pavel Vujisic|Miso Janketic;na;1970-01-03T00:00:00Z;8.846883;Boro Drascovic: «Horoscope»;tm-de-all-v2.0_tp46_de|0.435 tm-de-all-v2.0_tp87_de|0.227 tm-de-all-v2.0_tp97_de|0.056;1;[Copyright restricted];613;ar;1970
DTT-1970-01-03-a-i0047;;;CH;Migros;[Copyright restricted];False;N;True;DTT-1970-01-03-a;de;Zürich|Hinterindien|Paris|Piccadüly|Wien|Los Angeles|Zürcher|Locarno|Anatahan|Hollywood;DTT;na;na;;13;na;Boro Drascovic|Federico Fellinis|Wartens|Vitelloni|Krakatöa|Cirierariia Apollo|Jules Verne|Maximilian Schell|Walter Matthau|Barbra Streisand|Thornton Wilders|Heiratsvermittlerin|Cactus Flower|Abe Burrows|Barillet|Gredy|Autor Billy Wilders|Gene Saks|Horoscope|Zuko Dzumhur|Goldie|Ingrid Bergman|Bond|George Lazenby|Seltsames|Joseph von Sternberg|Buster Keaton|uen|Heinrich Mahn;na;1970-01-03T00:00:00Z;4.994109;* -. i.._J;tm-de-all-v2.0_tp87_de|0.407 tm-de-all-v2.0_tp46_de|0.196 tm-de-all-v2.0_tp24_de|0.129 tm-de-all-v2.0_tp56_de|0.067;1;[Copyright restricted];1419;ar;1970
DTT-1970-01-10-a-i0131;;;CH;Migros;[Copyright restricted];False;N;True;DTT-1970-01-10-a;de;Luzern|Schweiz|Senegal|England|Konstantinopel|Kannibalen|lEst|Hollywood|Essen|Deutschland|Bälde|Cannes|Prag|Kerkorian|Culver City|Neureichtum;DTT;na;na;;15;na;Besitzer|Metro Göldivyn Mayer|Felix Bucher|Göto|lile damour|Walerian Borowczyk|Jires|Zilnik|Traore|Maysels|Alain Resnais|Maud|Eric Rohmer|Boro Draskovic|Nagisa Oshinui|Melville|Judit Elek|Vatroslav Mimica|Musahiro Shinoda|Susan Sontag|Ah|ga itah|Miklos Janeso|Pasolini|Sweet Hunters|Ruy Guerra|Andre Delvaux|Robert Bresson|Richard Roud|Claude|Guillemot|Gangster|Charles Deminer|Daniel Gelin|Schriftstellerin Marguerite Duras|Ditruire|Benö Allio|Pierre et Paul|Pierre Mondy|Godards|bourgeoiser Wildwester|Ermanne Olmi|Andrej Miklialkov|Konchalsky|Bondartschuks|Edgar Bronfman|Louis Polk|Präsidenten|Nachfolger des langjährigen Chefs Robert OBrien|Burkhardt|neue|Präsident Aubrey|Outsider John Llewellyn|Kenneth Loach|slowakischen Regisseurs Juro Jakübisko|Jiri Menzel|Gustav Husak|Dichter|Kerkorians;na;1970-01-10T00:00:00Z;2.9682426;13. Filmfestival von London;tm-de-all-v2.0_tp87_de|0.405 tm-de-all-v2.0_tp13_de|0.105 tm-de-all-v2.0_tp46_de|0.079 tm-de-all-v2.0_tp57_de|0.051 tm-de-all-v2.0_tp88_de|0.051;1;[Copyright restricted];1731;ar;1970
DTT-1970-01-10-a-i0132;;;CH;Migros;[Copyright restricted];False;N;True;DTT-1970-01-10-a;de;Urban|Bellevue|Aggres|Cinebref|Zürcher Kinopro;DTT;na;na;;15;na;True Grit|John Wayne|Dead Stop|Regisseur Tinto Brass|Eva Aulin|Vitelloni|Karl Marx|Boro Drascovics|Jiri Trnka|Jack he conway|Walk|Ge|BawSe|Parker|Tragikomödie|Piccadiliy|brave Soldat Schweijk|Redaktion;na;1970-01-10T00:00:00Z;4.6003327;Kanadas Petrochemie;tm-de-all-v2.0_tp87_de|0.593 tm-de-all-v2.0_tp46_de|0.23;1;[Copyright restricted];631;ar;1970
DTT-1970-01-10-a-i0215;;;CH;Migros;[Copyright restricted];False;N;True;DTT-1970-01-10-a;de;Zürich|Zürcher|Piccadiliy|Seefeld;DTT;na;na;;20;na;ABC|Alba|Alexis Sorbas|Luxor|brave Soldat Schweijk|Horoscope;na;1970-01-10T00:00:00Z;7.7501135;Hinweise der Film-Gilde Zürich auf gute ...;tm-de-all-v2.0_tp87_de|0.5;1;[Copyright restricted];58;ar;1970
DTT-1970-01-24-a-i0149;;;CH;Migros;[Copyright restricted];False;N;True;DTT-1970-01-24-a;de;Blondinchen|Helvetiastrasse|Astoe|Berne|Luxor|Galapagos|Hundsonbay|Alaskas|Japansex;DTT;na;na;;17;na;Ruedi Walter|Gene Saks|helvetischer|Walter Mattbreiten|Goldie Hawn|Paul Buhlmann|George Lazenby|Diam Riggs|Barbra Streisand|Gene Kellys|Hatsukoi|Jigokuhen|Mädchen Nanami|Tierfilmspezialisten Heinz Sielmann|Susumu Hani|Cactus Flower|Marke De Sade|Pauline Reage|Horoscope|Karl Marx|Boros Drascovlcs|brave Soldat Schweijk|May Spils|Werner Emke|Alexis Sorbos|Cinebref;na;1970-01-24T00:00:00Z;4.1105247;© Basler Kantonalbank: Nach dem Jahresab...;tm-de-all-v2.0_tp87_de|0.515 tm-de-all-v2.0_tp46_de|0.219 tm-de-all-v2.0_tp31_de|0.099;1;[Copyright restricted];757;ar;1970
DTT-1970-01-31-a-i0062;;;CH;Migros;[Copyright restricted];False;N;True;DTT-1970-01-31-a;de;Bündnerland|Galapagos|Nordamerikas|Floridas|Hudsonbay|Alaskas|Piccadilly|Gottwald|Zürich|Zürcher|ABC|Apollo|Luxor;DTT;na;na;;7;na;Autor Jacob Fischer|Polizischt Wäckerli|bekannten|Tierfilmspezialisten Heinz Siel mann|Horoscope|Karl Marx|Boro Drascovics|Ludvik Jahn|grossen Trickkünstlers Jiri Trnka|Alba|Cactus flower|Lokkende Wildnis;na;1970-01-31T00:00:00Z;7.376397;Sexualkunde — Zusammenarbeit aller;tm-de-all-v2.0_tp87_de|0.401 tm-de-all-v2.0_tp46_de|0.195 tm-de-all-v2.0_tp11_de|0.168;1;[Copyright restricted];422;ar;1970
DTT-1970-02-07-a-i0128;;;CH;Migros;[Copyright restricted];False;N;True;DTT-1970-02-07-a;de;francaise|Möndo-cane » -FUrne|Piccadilly|Piccadilly|Nord-Süd|Nord-Süd|Unterhai|Paris|Luxor|Luxor|hässlichen Londoner Strassenentlein|brasilia|Zürich|Zürich;DTT;na;na;Alba|Alba;17;na;Iseli ( Capitol, schweizerisch, Primitivulk|Serge Korber|wahrschatfer Fllmköst|Pfarrer Iseli & Co|Uixor|Heyroacope|Lockende Wildnis|Lockende Wildnis|Cactus Flower|Franolg Truffaut|Fra|Fra|Fra|Edgar Reitz|Professor Higgins|Rex Harrison|Audrey Hepburn|Alba, deutsch|Canguceiro|Cactus Flewer|Lockende WildnisjPrinz Bajaja|Seherz;na;1970-02-07T00:00:00Z;4.5185647;Dörrbirnen;tm-de-all-v2.0_tp87_de|0.64 tm-de-all-v2.0_tp12_de|0.079 tm-de-all-v2.0_tp17_de|0.057;1;[Copyright restricted];659;ar;1970
DTT-1971-09-08-a-i0016;;;CH;Migros;[Copyright restricted];False;N;True;DTT-1971-09-08-a;de;;DTT;na;na;;6;na;;na;1971-09-08T00:00:00Z;2.1834993;Der Besiu LuL-i !;tm-de-all-v2.0_tp15_de|0.276 tm-de-all-v2.0_tp26_de|0.259 tm-de-all-v2.0_tp46_de|0.071 tm-de-all-v2.0_tp87_de|0.062 tm-de-all-v2.0_tp24_de|0.053;1;[Copyright restricted];2548;ar;1971
NZZ-1858-06-02-a-i0004;;;CH;NZZ;[Copyright restricted];False;N;True;NZZ-1858-06-02-a;de;;NZZ;Radical;Generalist;;4;na;;ZH;1858-06-02T00:00:00Z;1.6938972;;tm-de-all-v2.0_tp23_de|0.379 tm-de-all-v2.0_tp24_de|0.1 tm-de-all-v2.0_tp11_de|0.076 tm-de-all-v2.0_tp57_de|0.075 tm-de-all-v2.0_tp85_de|0.056;1;[Copyright restricted];3246;page;1858
NZZ-1860-11-14-a-i0004;;;CH;NZZ;[Copyright restricted];False;N;True;NZZ-1860-11-14-a;de;Flum|Wezen|e « p|Basel|Liestal|LclineUiUße|Bergmolchen|Stuttgart|Niehl|Monarchie|Schweiz|Leipzig|Vremen|Turtmann;NZZ;Radical;Generalist;;4;na;Henn Dekan Grob|Hermann Kurz|Verfasser von Hcimathjahie|Herzensstreich|Horoscop|Herder|Humboldt|Tegner|Simrock|Wolfram|Alzina|Vliomberis|Doolin Von Mainz|Steigentesch|Varfüßele|Gevatterinanns|Jünger|Füßli öl Gomp|Schubert;ZH;1860-11-14T00:00:00Z;1.8977938;;tm-de-all-v2.0_tp11_de|0.504 tm-de-all-v2.0_tp23_de|0.262 tm-de-all-v2.0_tp16_de|0.051;1;[Copyright restricted];2962;page;1860
NZZ-1863-05-15-a-i0001;;;CH;NZZ;[Copyright restricted];True;N;True;NZZ-1863-05-15-a;de;GlMNon|Zürich|Femlltton|Gallen|Franlenhausen|KornsMdmt|Schweiz|Satigny|Frankreich|P « t « l « bnrg|mpl|Solothurn|Gallizi|Brody|Berlin|Zelte|Athen|Nargau|Vund|Kanton Graubünden|Pari|B « lin|Pueblazgehen|Itrnftü;NZZ;Radical;Generalist;;1;na;Adliger|ull|fti|Landgrafen Philipp|bonn Joseph gl|Karl F » ied|Pbüosovhl|Lr » ar von n « f « ss;ZH;1863-05-15T00:00:00Z;2.0088348;;tm-de-all-v2.0_tp68_de|0.306 tm-de-all-v2.0_tp54_de|0.224 tm-de-all-v2.0_tp79_de|0.111 tm-de-all-v2.0_tp47_de|0.074;1;[Copyright restricted];2914;page;1863
NZZ-1867-09-16-a-i0001;;;CH;NZZ;[Copyright restricted];True;N;True;NZZ-1867-09-16-a;de;;NZZ;Radical;Generalist;;1;na;;ZH;1867-09-16T00:00:00Z;2.2368126;;tm-de-all-v2.0_tp47_de|0.459 tm-de-all-v2.0_tp68_de|0.156 tm-de-all-v2.0_tp76_de|0.065 tm-de-all-v2.0_tp83_de|0.056;1;[Copyright restricted];2625;page;1867
NZZ-1881-07-30-a-i0001;;;CH;NZZ;[Copyright restricted];True;N;True;NZZ-1881-07-30-a;de;rn|Mrunngasss|Zürich|Vereinigten Staaten|Sidonie|Hafen|Chicago|Europa|Schweiz|Winterthur;NZZ;Radical;Generalist;;1;na;Guiteau|steifnackigen Haudegens Andrew|Jefferson|Präsidenten Monroe|John Quincy Adams|Andrew Jackson|John Quine Adams|Horoscop|Whigs Harrison|Tyler|Demokraten Jackson|Hayes|General Chester Arthur|Senators Conkling|Arthur burH|Präsidenten Jackson|Präsidenten Garfield|Präsident Garfield;ZH;1881-07-30T00:00:00Z;2.0470276;;tm-de-all-v2.0_tp12_de|0.187 tm-de-all-v2.0_tp54_de|0.139 tm-de-all-v2.0_tp53_de|0.124 tm-de-all-v2.0_tp01_de|0.092 tm-de-all-v2.0_tp87_de|0.088 tm-de-all-v2.0_tp85_de|0.081 tm-de-all-v2.0_tp22_de|0.08;1;[Copyright restricted];2872;page;1881
NZZ-1886-04-22-a-i0003;;;CH;NZZ;[Copyright restricted];False;N;True;NZZ-1886-04-22-a;de;Strni|Stryi|Olszynepark|Ols, yna|Minnesota|Bern|Berlin|Norddeutschen|Norddeutschen|Paris|Paris|London|Griechenland|Griechenland|Griechenland|Frankreich|Frankreich|Streuland|Sommeimilch|Luzern|Schweiz|Schweiz|Türlei|Oesterreich-Unaarn|Deutschland|Deutschland|Deutschland|Österreich- Ungarn|Rumänien|Rumänien|Rumänien|Rumänien|Wien|Wien|Bukarest|Rumäniens|Schweizerland|England|England|England|Belgien|Holland|nItalien|Zürich|Italien|Italien|Italien|Italien|Iran!» Uiiz « Iot » l » l|ZeMmb|Lnizäol|Hs » l;NZZ;Radical;Generalist;;3;na;Donna Man|Niczuchow|Piivattel|serbische Finanzminister Vutafin Petrowitsch|FandwirtWaft|Staalsschreibers Kollbrunner|Strafhausdireltor Zimmermann|Staatsschreiber Kollbrunner|Ministerpräsident V r a t i a n|rumänische Minister des Aeußern, Herr P h e r e- k y d e|Bäckerei Fr|letzlerer|bekämpfbarer Kohlenlieferant Italiens|Xo|Xo|Xa|Xviil|Xpill|Ilin;ZH;1886-04-22T00:00:00Z;1.9150543;;tm-de-all-v2.0_tp54_de|0.373 tm-de-all-v2.0_tp47_de|0.074 tm-de-all-v2.0_tp53_de|0.07 tm-de-all-v2.0_tp79_de|0.064 tm-de-all-v2.0_tp78_de|0.061 tm-de-all-v2.0_tp58_de|0.058;1;[Copyright restricted];3007;page;1886
luxwort-1850-01-27-a-i0028;;;LU;BNL;Anzeigen. Zweite Auflage. Miniaturausgabe, auf feinem Velin mit Goldschnitt geb. 2 fl. 42 fr. ober Fr. 5 65 Wohlfeile Ausgabe 1 p. 30 kr. Oder Fr, 3, ;False;Y;True;luxwort-1850-01-27-a;de;üschcnbach|Hohenstauf|Mainz|Oestrcichs|Schweiz|WilH|Grpeldingen|Luxemburg|Crpeldingen|Diekirch|Tyrol|üurcmburq|Wassergasse|rue de Louvigny;luxwort;na;Generalist;;4;na;Amarants|r a n t h|Sei Kirchheim|Steint|MisstoMperlen|JLOUKIt;na;1850-01-27T00:00:00Z;4.632288;Anzeigen.;tm-de-all-v2.0_tp11_de|0.34 tm-de-all-v2.0_tp96_de|0.297 tm-de-all-v2.0_tp79_de|0.096;1;"Anzeigen. Zweite Auflage. Miniaturausgabe, auf feinem Velin mit Goldschnitt geb. 2 fl. 42 fr. ober Fr. 5 65 Wohlfeile Ausgabe 1 p. 30 kr. Oder Fr, 3, 25. (Sine zweite Auflage, die in unfern Tagen »on e'iner roman tv|cben Dichtung binnen Monaten nothwcndiq \"" worden 's, spricht wohl am lleberzeugeodstcn das,r, welchen ungewöhnlichen Werth die öffentliche Stimme!btigclcat hat, „Amaranth"" nimmt ht unserer neueren Literatur einen durchaus neuen, einzigen Ehrcnplich ein, den der christlichen 3 omantik. durch welche unsere herrlichsten Sänger des Mittel- alicrs die Welt begeistert haben, und die „Si. A \innl"" gib. gewch den Gefühlen Aller derer., welche Amarants kennen und lieben gelernt habe», nur die bezeichnendsten Worte wenn j.e von Tagt: fte fei „ein Lied, das durch seinen 'tken irommcn jjneten und den Duftigen Glanz feiner Silber schon v,cle z^crzcn erquickt h.ibc, und wie ein lang jrfcbnter (Mali ,n den gebildeten Kreisen herzlich begrüßt worden fei-"" fie se \u0084cl»c,t,rößcre, cpischc Dichtung zunächst im Geiste cines Wolfram »on üschcnbach, ein Echo aus der Minnczeit der Hohenstauf n gleich ausgezeichnet durch Tiefe ter Gedanken, reizende Dr iat »alitât, namentlich der Lieber mit i)iaturfd M 'lbcn II n 1) (.n ""so». durch vollendete Form; und es könne ihr nach allen Anzeichen das Horoscop gestellt werden, daß sic. durch ihre durchwea reine Haltung gcroi« »n großen deutschen Vatcrlanoe als Lieb' lingslicd deutscher Frauen werde freudig begrüßt werden "" Nach dem glänzenden Erfolge der „Amarant!,"" erübriat der Vertag^handlung nur hinzuzufügen, daß sic nebft einer eleganten Salonausgabc auch noch cine wohlfeilere Ausgabe veranstalte» hat, um auch in den weitesten Kreisen die Vcrbreituna dieser acht deutschen Dichtung möglich zu machen, deren Wen!, durch das neu hinzugekommene originelle poetische S3wt»ort.îewifi »och erhöht worden ist.,251 »on Vskar v. Nedwitz. A m a r a n t h, Sei Kirchheim und Schott in Mainz ist erschienen und in allen Buchhandlungen Deutschlands, Oestrcichs u. der Schweiz, in Luxemburg bei Fr. Steint, zu haben: Merk. MisstoMperlen. Unterrichts- und Slnbacbtsibutb in Leder gebunden...... st r 2 M In gepreßtes Lcder gebunden mit Goldschuitt 3 25 Dieselbe Bnchhandlung besorat alle «icht vorräthige» Werke, aus alle» Fachern der Literat,«. fa Buchhandlung von V. Bück. Verlag von V. Bück. 31, Godart. Theoretisch-praktische Gefangschule, 1. Heft, 52 Seiten Hein Oktav...., 30 Htm«. 33efanntmadjtmô, betreffend die Versteigerung der Unternehmung der Arbeiten für den Sau einer Straßenstrecke zwischen WilH und Grpeldingen. Luxemburg, ben 18. Januar 1850. ES wird zur allgemeinen Kenntniß gebracht, daß am 15. Februar d. 3., um zehn Uhr Vormittags, im 3leg!eiungs-Gebäude baf)ier, die Uuterncljmunq der Arbeiten und Lieferungen für ben Bau des Straßcn- theiles zwischen Will) und Crpeldingen versteigert wer- den soll. Der Kostenanschlag für diesen Sau beträat 41,500 Francs. ö Liebhaber müssen im Augenblicke der Versteiaeruna Summissionen auf Stempel vorlegen, und barin in 'Prozenten ben Rabatt angeben, welchen sie auf ben Preis des Kostenanschlages machen wollen. Dieselbe» können von diesem Kostenanschlage, sowie von den Bedingungen und Plänen, in den Büreaur des Ober- Ingenieurs der Sauverwaltung und des Vezirks-In< gemeurS zu Diekirch Kenntniß nehmen. Der General.Administrator des Innern vorläufig mit fctr Bau-Verwaltuna beauftragt, * 62) Ulrich. 21 n i xx n d i g n n g. Bei dem Unterzeichneten ist eine ganze Sendung schön geschnitzter "" Crucisire und Heiligenbilder aus Tyrol angekommen. Ich empfehle dieselben be- sonders ten Herren Geistlichen und Kirchenvorstehern zur Ausschmückung der Kirchen mit geschmackrollen den Anforderungen der Kunst entsprechenden Sta- tuen. Der Preis ist verhällmßmäßig sehr acrmq Auch Bestellungen auf andere beliebige Heiligen- und auf Kreuzwegbilder nehme ich an. üurcmburq, ben 26. Januar 1850. Küntgen-Fox, (23) Wassergasse, Nr. 379. Cm junger starker Mensch der schr gut mit Pferden umzugehen weiß, sucht eine Stelle al* Kutscher oder Hausknecht. Wo? sagt die Erped. dieses 231 (24) A JLOUKIt, rez-de-chaussée, Ar. 435, rue de Louvigny.";613;ar;1850
luxwort-1850-01-30-a-i0028;;;LU;BNL;Anzeigen. Eine zweite Auflage, die in unfern Tagen »on einer romantischen Dichtung binnen Monate» notbwendig ge- worden ist, spricht wohl am Ucberzeug;False;Y;True;luxwort-1850-01-30-a;de;Eschcnbach|Mainz|Schweiz|Luxemburg|Grünenwalde|Wiltz|Grpeldingen|Diekirch|Eipeldingen|Gemeinde Rospott|Slugenbl|Nosport|Nospmt|Tyrol|Lulemburg;luxwort;na;Generalist;;4;na;Wolfram|Amaranth|Sei Kirchheim|Steint|Schreiner aus Berg|Vauverwaltung|Wilh;na;1850-01-30T00:00:00Z;4.2638483;Anzeigen.;tm-de-all-v2.0_tp11_de|0.265 tm-de-all-v2.0_tp79_de|0.134 tm-de-all-v2.0_tp33_de|0.123 tm-de-all-v2.0_tp96_de|0.086 tm-de-all-v2.0_tp03_de|0.083 tm-de-all-v2.0_tp23_de|0.058;1;"Anzeigen. Eine zweite Auflage, die in unfern Tagen »on einer romantischen Dichtung binnen Monate» notbwendig ge- worden ist, spricht wohl am Ucberzeugcndsten dafür, welchen ungewöhnlichen Wer») die öffentliche Stimme derselben beigelegt hat, „Amaranth"" nimmt in unserer neueren Literatur einen durchaus neuen, einzigen Ehrenplatz ein, den der christlichen Nomantik, durch welche unsere herrlichsten Sänger des Mittel« alters die Welt begeistert haben, und die „A.;'l. Zeitung"" gib, gewiß den Gefühlen Aller derer, welche Amarant!) kennen und lieben gelernt haben, nur die bezeichnendsten Worte, wenn sie von ihr sagt: sie sei „ein Lied, das durch seinen tiefen, frommen grieben und den duftigen Glnn; feiner Bilder schon viele Herzen erquickt habe, und wie ein lang ersehnter Gast in den «bildeten Streifen herzlich begrüßt worden fei;"" sie fei „eine größere, epische Dichtung zunächst im Geiste eines Wolfram von Eschcnbach, ein Echo aus der Minnezeit ncrHohenstaufcn, gleich ausgezeichnet durch Tiefe der Gedanke», reizende Origi» nalität, namentlich der lieber und Naturschildrrungen, sowie durch vollendete Form; und es könne ihr nach allen Anzeichen das horoscop gestellt werden, daß sie, durch ihre burcbiucg reine Haltung, gewiß im großen deutschen Vaterlande als Lieb» lingslied deutscher Frauen werde freudig begrüßt werden."" Nach dem glänzenden Erfolge der „Amarant!)"" erübrigt d« Verlagshandlung nur hinzuzufügen, daß sie nebst einer eleganten Salonausgabc auch noch eine wohlfeilere Ausgabe »cranstalttt hat, um auch in de» weitesten Kreisen die Verbreitung dieser acht deutschen Dichtung möglich zu machen, deren Wcrch durch das neu hinzugekommene originelle poetische Vorwoil gewiß noch erhöht worden ist. (25) Zweite Auflage. Miniaturausgabe, auf feinem Velin mit Goldschnitt, geb. 2 fl. 42 kr. Oder Fr. 5 65 Wohlfeile Ausgabe 1 fi. 30 kr. Oder Fr. 3, 25. Amaranth, »on Vskar v. Nedwitz. Sei Kirchheim und Schott in Mainz ist erschienen und in allen Buchhandlungen Deutschlands, Ocstseichs u. der Schweiz, in Luxemburg bei Fr. Steint, zu haben: Am 29. Januar zwischen 3 und 4 Uhr des Nach- mittags, wurde Hr. T Heise», Schreiner aus Berg, im Grünenwalde von vier ihm unbekannten Männern angefallen und einer Summe von 10 Thl. beraubt. Dieses zul Warnung an unjere Mit- bürger. Luxemburg, den 18. Januar 1850. Es wild zur allgemeinen Kenntniß gebracht, daß ?? m ml 5m 15-Februar d. 1., um zehn Uhr Vormittags, un Neglerungs-Gebäude basier, die Unternehmung der Arbeiten und Lieferungen für den Bau des Straßen. betreffend die Versteigerung der Unternehmung der Arbeiten für den Bau einer Straßenstrecke zwischen Wiltz und Grpeldingen» 33efanntmatf)intô, Liebhaber müssen im Augenblicke der Versteigerung <£ummifftonen auf Stempel vorlegen, und darin 'in Prozenten den Rabatt angeben, welchen sic auf den Preis des Kostenanschlages machen wollen. Dieselbe» können von diesem Kostenanschläge, sowie von den Bedingungen und Plänen, in den Büreaur des Ober< Ingenieurs der Vauverwaltung und des Bezirks-In< gmieurs zu Diekirch Kenntniß nehmen. Der Ö3cncral-^bmini(lrator des Innern, »orläufia mit ter'Vau.Velwaltuna licnufiragt. (22) Ulrich. theileS zwischen Wilh und Eipeldingen versteigert wer, den soll. Der Kostenanschlag für diesm Bau beträgt 41,500 Francs. Bekanntmachung. ®reij&re»etirte Lehrer »erben für die hiernach le nannte schulen in der Gemeinde Rospott gesucht, um in die« fern Slugenbl.cfe dajelbst die Lehrerstellen anzutreten.: 1. Fin die HR schule M r ® t ei n ei m. mit einem jährlichen Gchnltc »on ol7 46 Cent., bcncbst SDo^nimg; 2 Für die äb.nterfct>ule D > ckw e i l er, mit einem sechsmona.lichen Gehalte »on 126 gr. 98 Cent, und einer monatlichen Wob- nungscnlschnd.gung von 4 gr. 23 Cent.; 3. Für die Winter- Dickweile"" """"' 6fl "" nämli * cn Gehalte wie jene von Die Lehrer, welche wünschen 311 diesen Schnllrhre, stellen zu. gelassen zu werden, sind ersucht, sich unverzüglich bei dem Î3iu- gcrmeijter von Nosport anzumelden. Nospmt, den 25. Januar 1850. Del SSürgcrmeifter, (26) Loser. Ankündigung. Bei dem Unterzeichneten ist eine ganze Eenduna schön gcschmhtcl "" Crucifire und Heiligenbilder aus Tyrol angekommen. Ich empfehle dieselben be- sonders den Herren Geistlichen und Kirchenvorstehcrn zur Ausschmückung der Kirchen mit geschmackvollen, den Anforderungen der Kunst entsprechenden ©(a* !^""' J) a r,^ lcié i( * verhältnißmä'ßig sehr gering. Auch Bestellungen auf andere beliebige Heiligen- und auf Kreuzwegbilder nehme ich an. Lulemburg, den 26. Januar 1850. Küntgen-Fox, (23) Wasscrgasse, dir. 379. \u25a0%UJ*9kâsk „ a3na bcm * ctfr 'ter, guftrmann, im R°l. ÄP-*®l liit'ltrgvunb, neben ter Kirche aelegcntS, noch im I^^^!^nc» Zustande bcfinbli^c«,^>ii,c-, ntbftScbaine SK-rtWgg »djmicbe und Strtüunacn, ist «ins freier Ç)anb und unter günstigen Bedingungen zu »erlaufen. Licbhabci bt- lieben sich on den Eigcnchümci selbst zn wenden. (14) Aus freier Hand zu verkaufen:";721;ar;1850
luxwort-1862-03-30-a-i0021;;;LU;BNL;Frankreich. Paris, 25. März. Hr. »on Lavalctte ist in Paris eingetroffen. Wie in gewissen Krei« fen behauptet wild, stände die Berufung des Gesandten ;False;Y;True;luxwort-1862-03-30-a;de;Frankreich|Paris|Tuilerien|Neapel|Turiner;luxwort;na;Generalist;Tr. Z.;3;na;Lavalctte|Drouyn|Huis|Grafen Walewsti|General Lamarmora|Garibaldi;na;1862-03-30T00:00:00Z;5.1375246;Frankreich.;tm-de-all-v2.0_tp47_de|0.595 tm-de-all-v2.0_tp34_de|0.073;1;"Frankreich. Paris, 25. März. Hr. »on Lavalctte ist in Paris eingetroffen. Wie in gewissen Krei« fen behauptet wild, stände die Berufung des Gesandten nach Paris mit gewissen mazzini fa)en Komplotten gegen den Papst und den Kaiser im Zusammenhange. Der heilige Vater, erzählt man, habe hierüber unzweideutige Beweise in Händen, welche er dem Mar« quis und dieser feiner Regierung mittheilte. In denselben Kreisen bemerkte man, daß unter ben etlichen 100 Deputirten, welche zum leg« ten Diner in den Tuilerien geladen waren, sich 80 befanden, welche im vorigen Jahre für das Amendement zu Gunsten des Papstes gestimmt hatten. Da man immer sieht, was man wünscht und hofft, so gilt diese und an» bere kleine Aufmerksamkeiten für Drouyn be l'Huis u. s. w. bereits als ein Anzeichen, baß die kaiserliche Politik in Italien eine dem Papste entschieden günstige Wendung nehmen werbe. In diesen Kreisen gebt man so weit, den Grafen Walewsti als Nachfolger Lava« lette's zu bezeichnen. „Sie haben Augen, und sehen nicht i&"" Mittlerweile lauten die Nach« richten aus Neapel noch fortwährend sehr un« günstig. Die Times unter Ändern bringen beute eine aus Neapel batt'rte Corresponbenz, in welcher der piemontesischen Herrschaft in Süd« Italien ein schlechtes Horoscop gestellt wirb. Ich glaube Sie deshalb aufdiese Correspondenzen des Londoner Journals aufmerksam machen zu sollen, weil, wie ich aus Turin erfahre, die« selben in Turin geschrieben sind und Hr. Gal> lengo zum Verfasser haben. Ich erfahre ferner aus Turin, daß die Uebernahme des Kriegs« ministe« iums durch General Lamarmora als baldigst bevorstehend zu betrachten ist. An Stelle des ehrenwerthen Generals soll Garibaldi mit „General-Vollmacht"" versehen nach Neapel ge. {»en. Letzteres wäre bezeichnend für die innere und äußere Politik der Turiner Regierung und selbst für die der Tuilerien. — Das außerordentliche Budget pro 1863 wurde heute dem gesetzgebenden Körper vorgelegt. Wie man »ersichelt, sollen die zeitweiligen Beurlaubungen in der Armee, welche bisher alljährlich im Semester vom 1. Oktober bis 1. April statt» fanden, künftighin auch vom 1. April bis 1. Oktober gewählt werden. Man bezweckt damit, dem fühlbaren Mangel an Felbarbeitern abzu« helfen, namentlich aber, ohne die Schlagfer» tigkeit der Armee zu beeinträchtigen, Erspar» nisse tm KriegSbubget zu erzielen. — Trotz des außerordentlich schönen Wetters macht sich in den Geschäften und Gewerben noch keinerlei Belebtheit bemerkbar und die Menge der un» beschäftigten Arbeiter (Vauhandwerker ausge» nommen) ist keineswegs im Abnehmen. Ein Beweis für die fortdauernde Stock im Erwerb ist, daß in dieser Woche 495,239 Franken aus der Sparkasse zurückgenommen und nur 362,622 Franken eingezahlt wurden. — Die heutige Börse war, trotzdem sich keines der gestrigen Baisse.Gerüchte bestätigte, flau bis kurz vor dem Schluß, wo Rente durch die Rückkäufe (wie man sagt für Rechnung des großen Ver» käufers »on gestern) »on 69.80 auf|7o.os gehoben wurde. (Tr. Z.) Paris, 25. März. Man liest im Consti« tutionnel: «Fortwährend werben Gerüchte »on ministeriellen Veränderungen verbreitet, denn die Erfinder und Verbreiter falscher Nachrieh« ten ermüden nicht. Man sollte glauben, daß in irgend einem Winkel von Paris eine poli« tische Klatsch-Ofn'zin bestehe, welche von Leu ten unterhalten wird, die feine andere Ve» schäftigung und vielleicht keinen anderen Erwerb haben. Sagen wir es deßhalb ein« für allemal, daß die feit einiger Zeit in Umlauf gesehten Gerüchte nicht die geringste Begründüng haben. Wahr ist nur die Unruhe gewisser Personen, welche die nächstjährigen Wahlen fürchten, weil sie besorgen, mit einem Minister zu thuen zu haben, den man für eben so entschlossen kennt, die Freunde der Regierung zu beschützen, als ihre Feinde zu bekämpfen.""";568;ar;1862
luxwort-1872-01-19-a-i0044;;;LU;BNL;Deutschland. Berlin, 12. Januar. Im,Reichö- und Staats'Anzeiger' findet man folgende beachtenswerte N'otiz. Im November v, I. ge währten Se. Majestät ;False;Y;True;luxwort-1872-01-19-a;de;;luxwort;na;Generalist;K. V.|K. V.|K. V.|K. V.|K. Z.|K. Z.|K. Z.|K. Z.|K. Z.|K. Z.|K. Z.|K. Z.|Agence Havas|K.|K.|K.|K.|K.|K.|K.|K. I.;2,3;na;Direktor George Palmer Davies|Napoleon|Graf Linden|Picard;na;1872-01-19T00:00:00Z;1.2533064;Deutschland.;tm-de-all-v2.0_tp47_de|0.307 tm-de-all-v2.0_tp54_de|0.158 tm-de-all-v2.0_tp53_de|0.101 tm-de-all-v2.0_tp24_de|0.089 tm-de-all-v2.0_tp12_de|0.075 tm-de-all-v2.0_tp30_de|0.051;2;"Deutschland. Berlin, 12. Januar. Im,Reichö- und Staats'Anzeiger' findet man folgende beachtenswerte N'otiz. Im November v, I. ge währten Se. Majestät der Kaiser und König dem!>ier wohnenden Direktor der Bibel alistatten der britischen und ausländischen Bibelgesellschaft für Deutschland und die Schweiz, Prediger Georg Palmer Davies, eine Audienz, in welcher derselbe die Ehre hatte, folgende Nachweisung der im deutschfranzösischen Kriege dnrch die britische und ausländische Bibel-Gesellschaft verbreiteten heiligen Schriften Sr. Majestät zu überreichen. Von der britischen und ausländischen Bibelgesellschaft wurden l. durch ihre Augestellten und Bibelboten a. verkauft an gefnnde Soldaten zu ermäßigten Preisen: 7730 Bibeln, 174,(3G1 Neue Testamente, 7403 Theile der hl. Schrift (zufammeii 189,794 Exemplare); b. verschenkt: 1. an Kranke, Verwundete, Gefangene: 314 Bibeln, 237,144 Neue Testamente, 260,906 Theile: 2. an Hinterbliebene der Gefallenen durch deren Seelsorger: 12,1.60 Neue Testamente (zusammen 511,026 Exemplare), lt. Durch befreundete Gesellschaften und Private theils verkaiitt an Gefnnde, theils verschenkt an Gesunde, Kranke, Gefangene: 515 Bibeln, 120,233 Neue Testamente, 138,898 Theile (zusammen 259,646 Exemplare); Gesammt« summe: 3559 Bibeln, 545,698 Neue Testamente, 407,209 Theile: überhaupt 960,.66 Exemplare. Auf diefe Nachweisung nnd die damit verbundenen schriftlichen und mündlichen Mittheilungen hat Se. Majestät der Kaiser und König unter dem 30. Dezember v. I. folgendes Schreiben an den Direktor George Palmer Davies zu richten die Gnade gehabt. Von den in Ihrer Immediateingabe vom 1. v. Mts. enthaltenen Mitteilungen über die Wirksamkeit der britischen und ausländischen Bibelgesellschaft während des Krieges von 1370—71 habe Ich mit dem wärmsten Interesse Kenntniß genommen. Es hat Mich mit wohlthuender Befriedigung erfüllt, zu erfehen, mit welchem Eifer und mit welcher Umsicht Sie im Sinne der von Ihnen vcrtretenen Gesellschaft bemüht gewesen sind, den Kriegern der deutschen Heere durch Zuführung der heiligen Schrift Gelegenheit zu geben, sich zur Ausübung ihres Berufs im Gottvertraneii zu stärken, und in der Stunde der Leiden den Trost der Religion nnmilteb bar zu empfangen. Ein großartiger Erfolg hat Ihre Thätigkeit belohnt. In Berück sichtigung desselben kann Ich es Mir nicht versagen, Ihnen Meine Anerkennung wegen des hohen Verdienstes, das Sie sich um das geistige Wohl der deutschen Krieger erworben, und Meinen Dank für den reichen Segen, den Sie unter denselben verbreitet haben, hiermit auszusprechen. Berlin, den 30. Dezember 1371. Wilhelm. Nachdem die sämmtlichen deutschen Bnndesregierungen beschlossen haben, gegenüber nieierländischen Staatsangehörigen im Falle ihrer Verheira)hnng im Bundesgebiete von dem Verlana/n der Beibringung von Trau erlaubnißscheinen ihrer Heimathsbehörde Abstand zu nehmen, und die königlich-uiederländische Regierung erklärt hat, daß deutsche Unterthanen im Falle ihrer Verheirathung in den Niederlanden weder eines Traueilanbiiißscheines noch eines Wiederaufnahmereverses ihrer zuständigen Heimathsbehörde bedürfen, find auf Veraiilassung der Reichsregierung die betreffenden Beamten resp. Geistlichen angewiesen worden, in Zukunft bei der Verheirathung nieder!ändifcher Staatsaiigehöriger von dem Verlangen der Bei- bringung ber Trauerlaubnißfcheine Abstanb zu nehmen. (K. V.) Pofen, l4. Januar, VetreffZ ber für bie Polen fo schmerzlichen Täkularfeier ber Tl!""lung vernimmt man (wie bie,Schlef. Volksztg/ mittheilt) uon versdiiebenen Sei te!,, baß bie nunmehr unter brei Herrfchern wohnenben Polen nickt gesonnen finb, in büfterer? tauer biefe ©ebenkzeit hinznneh° men unb ungenützt vorübergehen zu lassen. Es gehen vielmehr ans bem Herzoqthnm tmb Galizien Nachrichten ein, welche Zengniß bar'on geben, baß man gelegentlich jenes Ge benktages Institute in's Leben rufen tuill, bie geeignet finb, zur Volksbilbung, zur Hebung bes Unterrichts unb bes allgemeinen Nohlstanbes beizutragen, Eo wirb beabsichtigt in Posen eine polytechnische Sd)tile, in Zabikowo eine lanbwirt'i'chafllid)e Unter» richtsanstalt unb in Galicien ähülid)e Infl'tnte zu grünben. Gebe Gott, baß biefe schönen Projekte ausgeführt unb von ber polnischen Iugenb eifrig benutzt werben. Vesonbers bie Äusbilbung tüchtiger Landwirthe, welche mit Energie unb ausbauend bem Fleiße bem häufig fo armen Boden den goldenen Ernte'egen zu entringen verstehen, ift eine für bas polnische Volk unerläßliche Nothwendigkeit; denn ber Vaueru unb Gutsbesitzerstand ist unb bleibt ein Mal der Nähtstanb. Ebenso ist bie Hera, bildnng geschickter Handwerker zur Erziehung eims wohlhabenden und thatkräftigen Mittelstandes ein Wunsch, der schon lauge dringend der Erfüllung harrt. Ein jeder Volksfreunb wird sich über solch' ernste, zweckmäßige, bem Vohle des Ganzen nützliche Bestrebungen gewiß frenen und gern zu ihrer Verwirklichnng hülfreiche Hand leisten. (K. V.) Frankreich. j Paris, 13. Jan. Der Telegraph meldet ans Nizza den an einem Nüclenmarklciden erfolgten Tod des Herzogs (Fialin) de Persignl). Er galt und war auch wohl der Ver. trand des zweiten Kaiserreiches, an dessen Treue für Napoleon II'. Niemand gezweifelt. Gern ließ er sich den Doctrinär des Napoleonismus nennen und war oft kaiserlicher, als der Kaiser selbst; namentlich da, wo er gegen den überwuchernden Einfluß Eugeniens und des Elerus sich — leider vergeblich — anstemmte. Er fpielte im napoleonifchen Hof halt die Stimme der Kassandra und seine Prophezeiungen, die das Ereigniß nur zu sehr bestätigen sollte, fanden eben fo wenig Glauben, wie die jener trojanischen Prinzessin. Er hatte schließlich das Unglück, mit allen geheimen Penchants des Kaisers, ohne es zu wollen oder auch nur zu ahnen, regel, mätzig in Widerspruch zu stehen, und je unbequemer seine Rathschläge wurden, desto verschwenderischer ertheilte er sie, und zwar meist in jener exeentrischen Form, die mehrfach an seiner geistigen Gesundheit zweifeln ließ. So wurde er dem Kaiser immer lästiger, der seinen Jugendfreund und Duzbruder oft genug als Narren behandelte und von sich wies. Aber Persigiui befaß in feiner 'Narrheit mehr Verstand, als die klugen Köpfe um Kaifer und Kaiserin; nur freilich feine eigenen Angelegenheiten wußte er nicht im Geleife zu erhalten. Sein häusliches und Familien-Ungliick ist bekannt, und feine Geld- Verlegenheiten waren fprüchwörtlich. Napoleon III. verliert in ihm einen uninterefsirtcn Freund, und gerade folche sind es, deren mau i» Ehiselhurst am meisten bedarf. Per» signi) war feit dem 4. September an Geist und Körper gebrochen und nur feine starke Constitution konnte die Katastrophe, der er crlag, um fünfzehn Monate aufhalte»; er selbst gab sich seit jenem Tage über sich und die Nopoleonide» keiner Illusion mehr hin. Der Empfang des divlomat. Corps beim deutschen Botschafter ging ohne die früher üblichen Gala-Ceremonien vorüber; von einem feierlichen Empfange der französischen Würdenträger ce., wie er sonst gebräuchlich gewesen, war nach einem gemeinsamen Uebereinkoinmen Abstand genommen worden. Diese von Graf Arnim inaugurirte fchmucklosere Amtseinsührung foll nun für alle ähnlichen Fälle zu Siegel werden. Es scheint nunmehr entschieden zu sein, daß der bisher der deutschen Botschaft attachirt gewesene wü.tem« bergische Legatiimsrath Graf Linden seinen hiesigen Wirkungskreis verläßt, um nach Stuttgart zurück zu kehren. Sein Uebertritt in den Reichsdienst ist somit nicht erfolgt. Ob diefe Abberufung als ein erster Schritt zu der Ihnen neulich von Stuttgart aus sissiialisiiten Absicht zu betrachten ist, für Paris einen besonderen würtembergischen Ge schäftsträger zu ernenne!', ist noch nicht ersichtlich; aber freilich kann gegen jenen particillaiistischen Plan der Einwurf nun nicht mehr erhoben werden, daß ja für die speciell würtembergischen Geschäfte der deutschen Botschaft ei.. Diplomat dieses Staates beigege« ben und eine besondere Vertretung mithin ganz unnütz sei. In dieser Beziehung verdient das vielfach bedauerte Scheiden des Grafen Linde» aus feiner hiesigen Stellung erhöhte Beachtung. — In der hiesigen Getreidehalle ist man neuerdings übereingekommen, um den Verkehr mit dem Auslande zu erleichtern, den Normalsack, welcher bisher auf 150 Kilo firirt war, auf INI Kilogramm Brutto-und 1<>0 Kilogramm Nettogewicht festzusetzen. Diese Neuerung fall schon in nächster Zeit in Wirksamkeit treten. (K. Z.) Paris, 14. Jan. Thiers hat gestern eine seiner großen Schlachten geliefert; ob er als Sieger aus dem Streite hervorgehen wird, ist noch fraglich, wird aber kaum noch bezweifelt. Die Sache ist nierkwürdeg genug. „Man denke,"" äußerte der Temps, „es haudelt sich um eine Steuer, welche v""n allen Rednern, die nach einander auf der Rednerbiihne erschienen, bekämpft wurde, gegen welche sich die Budget-Commission und die Spezialisten der Nationalversammlung erllärt haben, um ei.e Steuer, von der weder die Handels noch die Eyndicialkammern etwas wissen wollen, über welche endlich alle Abgeordneten eine feste Meinung zn haben scheinen, und eine einzige Rede genügt, um einen großen Theil der Zuhörer umzustimwen!"" Ter Temps rühmt die Klarheit, Au torität, Zuversicht und Liebenswürdigkeit der Rede des Herrn Thiers und fügt hi,.zu: „Nicht wird jemals bei ur.s einer Beredtsamkeit, die so beschaffe» ist, wiederstehen. Uebrigens hat cZ Herr ThierZ auch an politischen Betrachtungen nicht fehlen lassen, um das Gewicht seiner Beweisführung zu vermehren. In Steuersachen scheuen die Frauzosen vor allen jene, welche sie »och nicht kennen, und die, welche sie an den Einnehmer bezahlen müssen. Die Einkommensteuer und die Vermehrung der vier direkten Abgabe» würden jede eine dieser Unannehmlichkeiten gehabt haben; die Steuer auf Rohstoffe kann die Ausfuhr belästige», die Industrie gefährden, aber sie trifft den Consurnente» nur in Gestalt einer Erhöhung der Preise in den Artikeln, die zu den ersten Lebens» bedürfnissen gehören."" Sehr richtig bezeichnet der Temps sodann die Anrufung des Pactes von Bordeaux, die Thiers in der Absicht gemacht habe, um die äußerste Rechte zu be> fchwichtigen; es feien sogar iu Versailles Gerüchte von Verhandlungen und einer erzielten „Entente"" mit dem rechten Centrum verbreitet und zwar in Folge von Erklärun gen zu Gunsten einer praktischen conservativen Republik, man wünsche nach und nach die provisorische Republik mit Einrichtungen wie der theilweisen Ernennung der Nationalversammlung, der Bildung einer zweiten Kammer zn versehen. Db diese Verhandln!!-gen bereits zum Abschlüsse gelangt oder wie weit sie vorgeschritten seien, wagt der Temps nicht zu entscheiden; genug, ein Theil dcr Nationalversammlung fühle, daß man nothwendig aus der Sackgasse, in die rnaii gerathen, hinaus zu gelangen suchen müsse und man sehe ein, daß das linke mit dem rechten Eentrum zusammengehen müsse, um gemeinsam das Desiuitivum vorzubereiten; sei dies erreicht, so werde die Linke als solche verschwinden und sich verschmelzen, wie Piémont sich mit Italien verschmolzen habe, als dieses fertig war. So der Temps. Wer mit der Taktik des Herrn Thiers einiger Maßen vertraut ist, der weiß, daß er stets, um eine Sache durchzusetzen, scheinbar Alles daran fetzt, jedoch nur, um, ist der Sieg erlangt, auf das Andere bei erster Gelegenheit zurückzukommen. Dies ist der Grund, weßyalb feine pa.lirmentaii)chi Taktik im gegebenen Momente bei den Franzosen ihren Zweck selten zu verfehlen pflegt; aber hinterher merkt man dann doch die Absicht [und ist über „die Pfiffigkeit des alten Fuchses"" verstimmt, freilich nur, um eine Zeit lang eutfetzlich zu toben und zu wühlen und sich bei nächster Gelegenheit doch wieder überraschen und fangen zu lassen. Ein solches Spiel gelingt allerdings nicht immer, und man wi d sich eriiiuerii, daß Thiers gerade nach seinen glänzendsten Perioden in allgemeinen Mißcredit gerathen ist. Eine Depesche der Times meldet von hier: Der französische Finanzminister sandte letzten Freitag S4 Millionen Frcs. in kurzsichtigen Wechseln auf London und deutsche Plätze nach Berlin. Eine gleiche Sendung soll am 27. d, M. erfolgen. (K. Z.) Paris, 15. Jan. Die,Agence Havas, melde!: „Die erste Ratenzahlung von 80 Millionen an Preußen, welche erst heute fällig werden, wurde fchon letzten Samstag effectuirt. Graf Apponpi, der österr. Botschafter, wird nächster Tage in Versailles erwartet Fürst Oiloff, der feit einigen Tagen in Brüssel verweilt, dürfte morgen oder übermorgen in Paris ankommen. Die mit der Prüfnng der Liefernngsverträge beauftragte Commission wird Mittwoch Hrn. Element Dunernois vernehmen. Sie wird nachstens auch Hrn. Gent, Präfccten des Departements Bouches du Rhone unter Gambetta, vorfordern. Derselbe hat für einige Departements des Süden ungünstige Lieferungs- Verträge contrahirt, gegen welche jetzt viel' fache Beschwerde erhoben wird. Der Bericht des Marquis de Mornay wird wohrscheinlich künftige Woche vollendet sei», und mau versichert, daß er interessante Enthüllungen über die Unordnung enthält, welche während des Krieges in der Verwaltung mancher Präfecte herrschte. Die Militair-Eommifsionen -'unclioiiiren mit größerer und grinnerer Tbätigkeit denn je, und steht zu hoffen, daß sie bald am Ende ihrer Aufgabe angelangt sein weiden. Die in Untersuchung stehenden Individuen zerfallen in drei Categorieen. 1. Die gemeinen Solbaten der Commune, denen kein gemeines Verbrechen zur Last fällt. Sie werden einfach mit einer ernstlichen Warnung iii Freiheit gefetzt. 2. Die Unterofficiere, gegen welche ebenfalls sonst nichts vorliegt, werden g^eicherweife ans freien Fuß gesetzt, verbleiben jedoch unter polizeilicher Aufsicht. 3. Die Officiere endlich, die früher« Sträflinge und alle Jene, die sich eines gemeinen Verbrechens fchuldig gemacht haben, werden vor ein Kriegsgericht gestellt. Man hofft daß die Arbeite» der Coinmissionen und Kriegsgerichte in V't oder längstens 3 Monaten beendet sein werde. Das linke Centrum wird künftighin regelmäßig drei Versammlungen in der Woche ballen und zwar D'nstagZ und Freitags in Versailles und Mittwochs in Paris im Hotel des Gräfe» Ramuo». Die Idee einer theil' weifen Erneuerung scheint unter den Mit* gliedern der Versammlung Boden zu gewinneu. Ebenso ist eine Annäherung zwischen dem linken und rechten Centrai« zu bemerken. Der,Köl«. Ztg/ wird gemeldet: „In der National Versammlung bekämpfte heute Hr. Decazes die Rede, welche Thiers vorigen Samstag gehalten hat. Er drückte die Furcht aus, daß Kündigung der Handels» Verträge erfolge» möchten. Thiers erwidert die Handels-Verträge können Aenderungen erfahren, 'ohne daß daraus ein politischer Conflict oder ein Tarifkrieg entstehe zwischen Ländern, die dazu gemacht seien Freunde zu bleiben. Die auswärtigen Mächte wüßten gut. daß die Handlungsweise Frankreichs nicht von der Absicht geleitet sei, ihnen Un-1 angenehmes zu bereiten, sondern von der Notwendigkeit, sich die unerläßlichen Hülfs» mittel zu verschaffen. Der Handels-Minister bemerkt, daß die Frage bezüglich der Steuern nicht mit der andern bezüglich der Vertrage verwechselt werden dürfe. Thiers fordert den Schluß der General-Discufsion. Die Verfammlung aber bestimmt, daß dieselbe morgen fortgesetzt werden foll. Drouyn de Lhnys hat bei Eröffnung der Session der landwirthschaftlichen Gefellfchaft eine Rede gehalten, welche den auswärtigen Gesellschaften für die von ihnen Frankreich besonders bewiesene Sympathie dankte und es laut aussprach, daß die Ruhe und das Heil des Landes in den Hände» der arbeitsamen und ehrenhafte» Landbevölkernng liege."" Die /Union' äußert über den Pieard'schen Antrag u. a.: „Man erzählt sich in der Stille, Hr. Picard habe nicht ganz diese Pro» position einer definitiven Republik mit einer Constitution, zwei Kammern, und den Rest ausgeheckt. Wir glauben das sehr gern. Das ist eine Agitation, ein Probeschuß, um zu et« was zu kommen. Die Proposition Rivet hat denselben Gang gehabt; wir vergessen nichts. Man rührte sich, man warf ans das Provi« forium die Schuld der allgemeinen Mißstimniiing und der (freiwilligen) Ohnmacht, in welcher man sich befand. Man wußte überall die Ueberzeugung accreditiren, daß etwas zu machen wäre. Dann kam fchließlich die Präsideittfchaft von Hrn. Thiers. Alles geht wieder eben so. Wir hören dieselben Klagen über dieselbe Unniöglichkeit, zu regieren. Eine kleine Veränderung ist nicht für die Republik — aber Hrn. Thiers nöthig, welcher sie verkörpert. Sein Mantel ist etwas kurz, und man spricht leise davon, ihn zn verlängern, indem man ihm die Präsidentschaft für die Lebensdauer, etwas wie ein Protectorat oder eine Statthalterschaft verleiht, was ans feiner Persönlichkeit ein wenig 'mehr als einen Präsidenten, fast einen König macht."" (K. Z.) Schweiz. Vom Boden s ee, 10. Jan. „VomLeman bis zum Aodensee, vom Iura bis bis zu VündenZ Schnee,"" demnach so weit die Schweiz reicht, geht eine gewaltige Eisenbahnenagitation. In der Ersten Iahreswoche sind von den interessirten Cantonen, Gemeinden und Privaten solche Summen verivilligt oder gezeichnet worden, daß wenigst ms fechs neue Bahnen mit der besseren Jahreszeit in Angriff genommen werden, abgesehen von betten^ welche von festen Actien-Gesellschaften gebaut werden.Mrbeiter aus Schwaben, Naiern, Tirol und Oberitalien werden schaarenweise angclockt, denn mit Ausnahme der armen Berg-. bewohn« des Cantons Tessin befaßt sich der schweizerische Proletarier nicht mit Straßenbau j ttl b ähnlichen Arbeiten, sondern geht lieber i« die verschiedenen Fabriken, wo er zwar anhaltend an den Maschinen steht oder sitzt, verdorbene Luft einathmet, aber doch immer im Trocknen bleibt und keine schwielige Hände bekommt. Die tiegesunke-ien Act ien der Rheinthalbahn lRorschach-^ iur)sind plötzlich bedeutend gestiegen, seitdem der Vau einer Splügenbahn (Eomo ■ Chur) wahrscheinlich, oder wie spéculative Autoritäten versichern, gesichert ist. Die Euitoiie St. Gallen nnd Bünden haben 6 Millionen Fr. gezeichnet, die westliche Lombardei beträchtlich mehr, von dem Königreich Italien wird ein bedeutender Zuschuß erwartet, ebenso von Baiern und Wurtemberg, die bekanntlich zur deutschen Subvention der Gottharslinie nichts beitragen weil dieselbe ihnen einen Theil des Transits aus Italien nach dem Norden entziehe» wird. In ihren Neujahrsbetrachtungeu haben die schweizerischen Blätter (es gibt deren gegen 250) natürlich der Bundesrevision in erster Reihe gedacht und ihr das Horoscop gestellt: die deutsch radicalen ans begreiflichen Gründen ein günstiges, die wälschen, die germanisirt zu werden fürchten, sprechen sich hingegen über die Centralisation des Rechtswesens Unbedingt verwerfend ans, und selbst halbra« dieale deutsche Blätter, so namentlich die ,Nene Züricher Ztg/, können die Besorgniß nicht unterdrücke!!, daß die liationalräthliche Revision schließlich an der Volksabstimmung Schiffbruch leide. Als böses Omen erscheint ihnen die am 8. d. vorgenommene Großraths- Mahl in dem Canton Zug, in welchem die liberale Partei wie im benachbarte» Luzern schon ein Mal überwog, bei der vorletzten Wahl jedoch unterlag und trotz aller Anstrengungeil bei der letzten kein besseres Schicksal hatte. Der Berner,Bmib y und seine Gesinnungsgenossen haben ganz Recht-mit der Behauptung, daß die „Neligionsgefahr"" den Conservativen (Ultramontanen natürlich) den Sieg verschafft habe. Diese Neligiongefahr ist jedoch kein von den „Pfaffen"" vorgegankeltes Gespenst, wie der, Bund' glauben ma chen will, sondern eine brutale Wirklichkeit, welche die Zuger in dem anstoßenden Aargan schalten sehen. Der schweizerische Protest Catholicismns fcheint in seiner rückgängigen Bewegung im letzten Stadium angekommen zu sein. Ein Pfarrer Geschwind in Starrstetteii (Canton Solothurn) gerirte sich als Anhänger Döl> linger's; seine Gemeinde wandte sich jedoch an den Bischof und bat um die Entfernung des Pfarrers. Dieser wandte sich nun an die Häupter des protestkatholische» Vereins um Zusicherung einer angemessenen Versorgung, erhielt aber einen Hofbescheid und soll sich nun unbedingt unterworfen haben. Unseie vielen überreichen Kirchenfeinde erwarten offeubar fo viel als nichts von der Döllingec'scheu Bewegung und glauben darum, daß sich Pensiouirung oder Besoldung eines abtrün«igen Pfäffleins nicht lohne. Dagegen preisen sie den deutschen Reichskanzler für feine Action gegen den Ultramontanismus und trauen ihm zu, daß er das begonnene Werk durchführe, wie z. B. im,Vund"" vom 9. d. M. wieder ein Mal zu lefen ist. Wohin sich sonst die Sympathieen der Schweizer neigen, zeigte sich am 7. d. M. in Lausanne, wo dos Denkmal der daselbst verstorbenen franz. Soldaten von Vourbaki's Armee bei einem feierlichen Aufzuge von ungefähr 7000 Personen eingeweiht wurde. Auch ganz in meiner Mhe ist Aehnliches zu beobachten. Von dem in Constanz liegenden badischen Infanterie» Regiments sind in letzter Zeit wenigstens 3o Mann desertirt. Das thurgauische Dorf Kreuzlingen ist nämlich von der Stadt nur durch einen freien Raum von etwa 40 Fuß getrennt. Daher kann jeder Soldat leicht durchkommen, besonders wenn er sich Civil kleider verschafft hat. Ist er ei» Mal über der Grenze, fo findet er.sympathische Auf» «ahme. (K. I.) England. London, 12. Januar. Der,Tim-'.s' zu>^ge ist zwischen einem finanziellen Sonsor' liurn und einem Etablissement, welches sich Mit der Fabulation von Telegraphentabeln besaßt, ein Abkommen getroffen worden zur ein« neuen dire-iei!:iiiegi\!j.-,..m , '(**| 8 zmischcn England und den Veieinigten Staaten 00.1 Amerika. Die Erleichterung der Kaualüberfahrt ver» ""Jittete großer Dampffähren, welche den von Too..., o neh..i und in einem neuen vu,.,. Cap li.a-.acj an der französischen Küste auf das französische Vahngeleise bringen würden, scheint nach dem, was in den letzten Wochen verlautet, doch große Aussicht zur Verwirklichung zu habeu. Am verwichencn Abend I,ielt in Dover vor Mayor und Stadtverordneten Herr Abernetb», einer von den Ingenieuren, welche bei dem Plane betheiligt sind, einen längeren Vortrag, in welchem er namentlich darznthuii suchte, daß der Gedanke einer lieberführnng der ganzen Züge allein den Vorzug der Gründlichkeit habe, daß die Ausführung des Planes der Stadt Dover nur nützen könne, und daß die Unternehmer gern den Lokalbehörden in ihren Wünschen entgegen kommen würden. Die Einwände gegen das Projekt wies der Redner ebenfalls zurück und ging dann zu näheren Anseinaiid:r-fetzungen bezüglich des Hafens von Dover über. Da die französische Regierung dem Plane günstig, und die Unternehmer geneigt seien, sich jeden von der französischen Regierung etwa vorgezogenen Hafenplatz an der französifchen Küste gefallen z,l lassen; da ferner die Geldmittel geboten seien, so erklärt Herr Aberneth» das Projekt für gesichert. Die Stadtverordneten erklärten ans die ihnen gewordene!' Mitlheilnngen den Plan nicht beanstanden, sondern nur ihre eigenen Interessen wahren zu wollen. (>>.V.) Spanien. Madrid, 13. Jan. Wenn das Ministerium in seinen (5abinetsd.i.-athlingen nicht bald eine größere Einhelligkeit zu erzielen weiß, so wäre es nicht unmöglich, daß es in voller Krisis vor das Parlament treten müßte, welches bekanntlich auf den 2-2. d. Ä!ts. zusammenbernfen ist. Tie Eiiiennnng einer Anzahl uon Prouincial-Gouverneuren ist freilich allem Anscheine nach vollzogen worden, wobei Sagasta, wenn man ihn noch als Vertreter der progrefsistischen Partei gelten lassen will, in so fern eine Niederlage erlitten hat, als die meisten der Stellen mi l unioniftischeu Freunden Topete's besetzt worden sind. Die wesentliche Streitfrage aber ist und bleibt die Ernennung des neuen General-Capitäns für Cuba. Topete hält fest an seinem General Iofe de la Coucha, welcher feiner reactionären Vergangenheit wegen von Sagasta verworfen wird. Der Kriegs- Minister Gaminde ist inzwischen noch gar nicht in sein Amt eingetreten; er hat _fxà) ins Bett gelegt und behauptet krank zu sein; er will offenbar zuerst abwarten, wel chm Verlauf der Zwiespalt im Cabinet nehmen wird, um nicht etwa mit einer der einander gegenüberstehenden Parteien fallen zu müssen. Was die Krankheit des Premier- Ministers betrifft, welcher so zu sagen durch königlichen Befehl ein Ende gemacht worden .ft, so erzählt man vergleichsweise ein Er« eigniß aus Sagasta's früherem Leben. Er wrr 1854 als Ingenieur der Provinz Za= mora angestellt. Dort ließ er sich von der Opposition als Cortescandidat aufstellen und war eben im besten Zuge mit seinen Wahlreden und schriftlichen Glaubensbe kenntnissen, als die Regierung ihn in feiner Beamteneigeiischaft nach Madrid citirte. Das paßte ihm fchr wenig, und plötzlich mußte er das Zimmer hüten. Die Negierung rief ihn zum zweiten Male; er legte sich ins Bett. Sie rief zum dritten Male; da ließ er sich die letzte Wegzehrung geben. Während er folcher Maßen „officiell"" dem Tode nahe mar, gingen von seinem Zimmer doch ohne Unterbrechung feine Wahlschriften und Zeitungsartikelj aus. Hätte die Regierung ihn zum vierten Male citirt, er würde sich ohne Zweifel fchon den Sarg ins Haus bestellt haben. Wie aus Melilla berichtet wird, haben am 31. December 700 Manu die Arbeiten am Flusse Ow fortgesetzt. Am 1. Januar wurden sie trotz des Feiertages nicht unterbrochen, den G. besichtigte der marokkanische Prinz dieselben mit großer Aufmerksamkeit. De^ Prinz und seine Armee sollen bald durch andere Truppen unter einem anderen ißt* fehlshaber abgelöst werden. Die Epoca schreibt: „Der protestantische Pastor der Kirche der Straße Libertad und drei andere zu demselben CultnZ gehörende Pastoren haben ihre religiösen Irrthümer abgeschwciren und sind zum Catholicismus übergetreten. Die Cérémonie war äußerst feierlich."" (K. Z.) Vermischtes. — Amerika ist bekanntlich das Land der Er« findungen y-""- excellence, und in der Thai, viele Erfindungen, die dort gemacht werden, könnten leine andere Heiinalh haben. Die beiden letzten sind fchr sonderlicher Natur, und die erste befaßt sich mit dem schon oft versuchten Problem, künstliche Havarniah- Tabake herzustellen. Eine Kaufmanns -Firma in Hactfort, Eonnecüeut, ladet ein Schiff mil Tabak welches nach fleij-SBest segelt, um dort zwei Vionate zu verweilen. Der Tobak schwitzt in dem dortigen Klima innerhalb zweier Monate uollstäadig und soll nebenbei einen Geruch° erhalten, der dem echten hauannah ähnlich ist. Weit absonderlicher ist die zweiic Erfindung, nämlich auf künstlichem Wege Regen herzustellen. Ein En>il Ingenieur aus Chicago, lîblvtfO Powers Hai en Longr^ß um U'.crlassung von 300 Ge-chützer. jedes uo-, mindeste- s ii Pfund Kaliber nebst 3. 1, i»J Pfund Pulver m d einer elektrischen Batterie a-.igegange-.'. Durch g'eich:eilu-cs Abfeuern sä nmtl che_ Stück..oR Rege-, er zeugt werden, und geschichtlich wird nachgewiesen daß es nach jeder großen Schlacht geregnet hat — Dem Vernehmen nach hat die Regierung das Gesuch der Geographischen Gesellschaft, eine Expedition zur ilufsuchung Livingslore'S durch Geldmittel _n untei-stützen, abgelehnt und damit stimmt denn auch ein Aufruf, den geiarnte Gesellschaft heute cr= läßt, um die Unterstützung d.'s großen Pn'>licums für diesen Plan zu gewinnen. Es heißt in dieser Anzeige n, A.. „Es sind jetzt zwei Jahre und sieben Monate seit cirige wenige Jenen uon 2:uimiston C die Küste erreicht haben, obwohl er mulhmaßlich kaum wenige Hundert Meilen entfernt ist. Er mag i-,i Gefangen!.! aft gehalten werden od-r auf da? Krankenbett h-ngestreckt sein, da die letzten Versuche, ihm Vorräthe zuzuführe», keine directe« Nachrichten von ihm gebracht haben. Die Spannung ist uneitiii.Iich; um jeden Preis muß a!>er ein Ende ge< macht werden Ende Monats fährt lein Dampfer direct nach Z nizibar, und falls die nölhigen Gelder bis dahin zusammengebracht sind, wild die (Fjjpedi tion die Gelegenheit benutzen und dann von Zanzibar aus direct nach dem Tanganyikasee vorbringen' um an Ort und Stelle Wahrheit ober Unwahrheit «ei Gerüchte festzustellen, welche über Lioingsior.e's Anfenih 1t in Mctnyerna zu der Küste gelangt find Man darf hoffen, daß die l_xped,tion noch vor Sch.nß des Iahreo nach England junlctf.hren würde."" Zu gleicher Zeit liegt ein langer Aeri.!>t des,, Neuj^loik Herald' vor über die Expedition welche das genannte Blatt uor etwa zwei Jahre» zur Aufsuchung Livingstone's ausschickte. Die Ez-per.tien bestm b aus drei weißen Männern, 22 So! date,,, 8. Lastträgern, sowie aus 2? Maulthieren und zwei Pferden, Als sie nach L4tägigem 'lliarsche zu Kioihara in Unyam,)embe angelangt waren, war ras Haustein durch iirant^eit und Tod bereits seh'znjainmenge-chmolzen. Am 12. April vernahm man in Äioussoudi die erste Kunde von Lioiagstone. Sa-lim Bim Raschid hatte ihn in UFidschi vorige. Jahr gesehen; cr war damals im Begriffe, nach Mnrungu und Nnlenia zu gehm Am 18. Mai sagte dann Sch.ilh Abdullah Bim Wasib ans, der weiße Mann, der nach Mannema gegangen, habe sich auf der Aüffeljagd in den Oberschenkel geschossen. Sobald er wieber hergestellt sei, werde er nach Ndschioschl zurückkehren. £ cheikh Schani Nim Mussoud erklärte am 13. Juni in Kusuri, cr habe ein Vierteljahr lang in Ubschidschi in Liuingstone's Nähe gelebt; leine Leute hätten ihn alle bis auf drei Sclaoen «et lassen. Am 16. Juli erzählte Hassan, ein Ballooch' Soldat, Livingstone's Schulterblatt sei in Folg«-eines Kampfes mit einem Löwen ausgerenkt. Er sei mit einigen Arabern nach Hlanyema gegangen. In Folge eines Briefes jedoch, den er vom Consul erhalten habe, werde er bald nach Udfchidschi zurücklehren, k chließlich sagte Scheilh Nmir Nim Sultan am 20. Juni in Kubya, daß er nach Wanyema gegangen sei, daß aber eine Karawane aus Ulonongo die Nachricht von Livingstone's Tode gebracht habe (Germ.) — Die größten Auswanderer'Schisse besitzt die Lteam Ship Company. Das Damlffchisf Egypt trägt 5""00 Tonnen und der Spain 4500 Tonnen. Daß beide Schisse auch Schnellsegler ersten Nang?s sind, beweist der Umstand, daß der Egypt die Reise uon Antwerpen nach Rew-Jorl in 9 Tagen 1? Stunden, und der Spain in 9 Tagen und 15 Stunden zurücklegt. — Natuistudien über Schnappsbruder Nr. 6. — Nicht allein die Individualität sonder auch der Orts charallcr kommt in malerischer Weise beim Schnappt zum Vorschein. Schaut den Schnapps aus dem Merscherlhalc. Er ist geschwätzig, höflich, gelenkig, wibbelig, ironisch doch nicht bösartig, wenn er nicht muthwilliger Weife gereizt wird. Im Röserthale setzt er den Hut oder die Müh auf ein Ohr, fchaut mit Verachtung die Fremden an, b.-ingt kaum einen Gruß über die Lippen. Man sieht's ihm an, daß gutes Heu und viel Walzen in seinem Thaïe wächst. Zu Echternach ist der Schnapps etwas wie eine ewige Ruhe in seiner Haltung, Er geht seine.2 Stationen halten, wenn es auch hagelt und blitzt. Er kommt nie zu früh, k.iegt aber stets fein Quantum Und belächelt man ihn, fo kriegt man zur Ant> wort: „Ja dir feid mer der"" ohne daß ein Gesichts zug geändert wird. Im Oesling ist er steif in den Beinen, wie ein Ochs, hat aber fein geschliffene Lippen, um den Dusel langsam zu schlürfen aber auch um einen tüchtigen Fluch auszustoßen. Sein Bart gleicht der Heide, In unserem Luxemburg, da geht er in der Straße wie ein Aduokat oder ein Rentner, die Hand aus dem Rücken, bleibt alle 5 Minuten stehe» und inter pellirt seineu Begleiter und eiklärtihm comme quoi daß die Franzosen bei Sedan verlieren mußten. Widerspricht man ihm, dann schlägt er alles nieder mit: „0 Eefall! Domme Kierl. He! Kannst du lefe»? «Es ist offenbar ein Bürger der Capitale, der von der Höhe seines Selizkeits-Standpunk.es die Welt »...regiert. — Städte in Deutschland, die über 100000 Einwohner zahlen. Berlin 828000 Seelen, Breslau 2 0000, Elberfelb-Barmen 160000, Köln 130000, Königsberg 112000, Magdeburg mit Vorstadt, n 110J00, Hannover 1050)0, Frankfurt a. M. 104000 Danzig 1CCC00, Hamburg 24C000. j — Graf i. Naday, den das ung.rifche Ministerium nussandte, um die unteren Comilate des Landes von Räubern zu säubern, hat Außerordentliches geleistet. Sein Seeretair hilft ihm mit großer Gewandthett Hier einige Gefchichtchen, Ein Wirth in einem einsam gelegenen Einkehrwirthshause Halle vor 5 Jahren einen Reisenden erschlagen und ausgeraubt. Da kommt ein Unbekannter, verlangt das Zimmer Nr. 3, übernachtet dort und am andern Morgen wird der reiche Wirth gefangen fortgeführt. D« Unbekannte mar Graf Naday, der sich »ächili^ cher Weile üb.-,, engt halte, daß unter de» Ju-It,; bei Zimmer« des Skelett eines Mann.-s verborgen war. — In einer Stadt >uar ein Juwelier. Eines Tages kommt ein Handwerlödursche und biete« ihn, «inen f TUrnien SRing um einen Spettpreis. an, man w ld Handels eine. «M Nächsten Tag lammt ein v° r wünsch* einen Äinz zu taufen; der Iu-vell.l vertont! ihm den Ring, deu er gestern für _:6 fl gekauft, um 500 Fl. Eine Stunde drauf ist das ÖefW des Iuw.liers gesperrt, er selbst arreti.t Ter Ringlaufer war Raday. der Handmerksbucsch sein Cecreiair.-Eines Morgens iuar ein Dorf um,!ellt, Niemand durfte den Ort »erlaflen. Auf dem Platze mitten im Dorfe wurde ein langer Galgm errichtet. Während dieses geschah, spazierte ein Herr in der Nahe mit den Hiinden aus dem Rücken au' md ab. Männer und Weibec zitterten. Als de? Galgen fert'g war, lies, Stoben; (dem er war cs> den Richter und die Vaucrn holcn „Ich bin der Graf Radan. Seht Ihr den Galgen V"" — Ja, gnädigster.t-icrr!"" — „Einer von Euch mar am Raub« sc und jo detheiligt. Wenn Ihr mir diesen Einen nicht verraihet, so werden biet non Euch ai.öge.oes. und sofort geheult!"" Der Nichter war der Gesuchte. {St. V. VI.) — Ein ehrgeiziger Proeessenkrämer-Nichter- Mattes, du hast den Proeeh gewonnen, Walles- Ich »ppellire Nichter: Vifi du denn toll '>. sattes: Nein! die Apvellaüansrichler sollen auch sehen, daß ich Necht hade. -Der „Floh"" (Zeitung), welcher gewiß nicht non ullramontanen Anschauungen geleitet wird dringt als erstes «ild in seiner letzten Nr. den astiologischen Iahresregenlen für 1872 Merkurius Ter Zeichner stellt diesen.Regenten' als einen prächtig.,, dicken I-.it.en non der bekannten „Grünber-Sorle, dar, mit rcrschierenen Aetien-Papieren dehargt. tiiljii sein goldenes Tceptee schwingend. Und wahr, haftig. das ist nnfer „Regent"" auch für das Ichr 1672: die Corruption, bei Judaismus, dieser Krebschaden Oestreichs! Der Judaismus auf der Börse, der Judaismus in der Presse und folgerichtig der 3i.bai«.itu§ auch in der Regierung.";4992;ar;1872
luxwort-1883-08-28-a-i0014;;;LU;BNL;Neueste Nachrichten. In den letzten Tagen kamen in verschiedenen Ortschaften Ungarns die schrecklichsten Iudenkrawalle vor. In Zala» Egeszeg wurden Hä;False;Y;True;luxwort-1883-08-28-a;de;Ungarns|Italiens|Rom|Spanien|Liberalen;luxwort;na;Generalist;;2;na;Bismarcks;na;1883-08-28T00:00:00Z;4.128401;Neueste Nachrichten.;tm-de-all-v2.0_tp47_de|0.284 tm-de-all-v2.0_tp53_de|0.219 tm-de-all-v2.0_tp08_de|0.135 tm-de-all-v2.0_tp24_de|0.129;1;"Neueste Nachrichten. In den letzten Tagen kamen in verschiedenen Ortschaften Ungarns die schrecklichsten Iudenkrawalle vor. In Zala» Egeszeg wurden Häuser demolirt, Waarenlager geplündert, lein Iudenhaus blieb verschont, so daß das Militär ein« schreiten. mußte. Am 25. kam es zu einem blutigen Zusammenstoß. Die Soldaten schössen. 2 Tumultuanten blieben tobt, 12 Schwelverwundete am Platze: gegen 20 Soldaten wurden getödtet und verwundet. In Maria Bistria, vier Wegstunden von Agram, brach in Folge der Wappensrage eine Bauernrevolte aus. wobei der Gemeindenotar und der Gemeindevorstand ver» wandet wurden. (Flf. Z.) Von Beilin wird der „Frf. Z."" gemeldet, es fänden •zur, Zeit Verhandlungen statt, um die Grundstein» legung für das neue Reichstagsgebäude vielleicht doch noch während der bervostehenden kurzen Session des Reichs» iäges vorzunehmen. 'Der baltische Minister v. Lutz reifte gestern nach Kissin» gen zum Besuche Bismarcks von München ab. 'Einer Stefanimeldung aus Konstantin«pel zu« folge wurde der Vorschlag Italiens, eine Konferenz nach Rom zu berufen, zur Aufstellung allgemeiner Vorfichts« Maßregeln gegen die Cholera,, von der Pforte und mehrern Großmächten prinzipiell angenommen. Als der General Ouesada dem König von Spanien die Offiziere der Nordarmee vorstellte, erwiederte König Alfhons auf dessen Ansprache: wenn Gefahr eintrete, werde er der Erste fein, derselben die Spitze zu bieten. Cr sei entschlossen, sein Blut zu vergießen für die Inte» «essen des Vaterlandes und des spanischen Volkes. Er Werde um jenen Preis die öffentliche Ruhe aufrecht er» halten. Vom 25. auf den 26. August starben in Alexandrien an der Cholera 22 Personen. Wir hätten glauben follen. die „Luxb. Zeitung"" hätte ihrem Viandener Evnespondenten die Thüie geschlossen und ihm das alte Wort an's Herz gelegt: si tacuisses, pbilosophus rnansisses. Der Mann, dessen Eivilftand man auf eine Stunde weit riecht, wagt es nicht, feine Lügen über den Viandener Klerus zu beweisen oder zu widerrufen; er muß sich deshalb, wer er auch fein mag, gefallen lassen, als Lügner bezeichnet zu werden. Das zum Ersten. Allerdings schreibt der Correspon» dent noch des Weilern, und was? Man höre. „Nun hier die Wahrheit,"" sagt er. Also erst jetzt die Wahr» heil? vordem also nicht die Wahrheit? Und welches ist denn nun die Wahrheit? „Unsere Wahl,"" schreibt ei, „war eine lein politische gewesen; das Intelesse des Kantons wuide gänzlich beseitigt; zum Schluß tlug die Regieiung-paltei den Sieg davon; die Niederlage der Klerikalen war um so großartiger und empfindlicher, da das gan« Land in Bewegung gesetzt, fich daran bethei» ligte; nie bat eine so hartnäckig bekämpfte Wahl im Luxemburger Land stattgefunden."" Das ist nun allerdings ad usim Delphini geschrieben, aber zugleich enthalten diese Zeilen ein kostbares Ge» ständniß. Wenn der Correspondent glaubt, die Viandener Wahl habe das ganze Land in Bewegung gesetzt und nie habe eine so hartnäckig bekämpfte Wahl im Luxem» burger Lande stattgefunden, so trägt er die Farben doch garzu scharf auf; wir wenigstens haben eine derartige Bewegung nicht verspürt und es wird wohl der Corres» pondent im Geiste in Brüssel oder anderswo gewesen sein. Wir wüßten auch gern, weshalb die großartige Bewegung hätte fein follen. Was die großartige und empfindliche Niederlage der Klerikalen betrifft, fo wünfchten wir den Liberalen leinen zweiten solchen Sieg, denn es gibt Siege, die einer Nie» derlage gleich kommen. Ephialtes, der den Persern den Pfad zu den Spartanern bei den Termopylen zeigte, gilt noch heute als Verruther; warum sollten die Klerikalen nicht mit Verräthern zu thun haben? Es ist durchaus unklug von Seiten des Correspon« denten, von einem Siege der Regierungspartei zu sprechen. Der Sieg wäre doch gar zu gering für eine Regierung, welche mit Hülfe der Rothen hätte siegen müssen; wir wollen der Regierung diesen Schimpf nicht anthun, denn sie hätte sich dadurch selbst verurtheilt. Siegen mit solchen Hülfstruppen, ist nicht einer Regierung würdig. Wir wollen deshalb bis auf weiteres das Horoscop des Correspondenten von Blanden, welches Städtchen wir gar nicht einmal als bourg pourri bezeichnen wollen, bei Seite stellen und lieber das andere Wort hervor» heben, welches ihm in unbewachtem Augenblicke entschlüpft ist. „Das Interesse des Kantons,"" sagt er. „ist gänzlich beseitigt worden."" Da können nun die Viandener den Vorhang fallen lassen und sich auf beide Ohren nieder« legen: Das Interesse des Kantons war gänzlich beseitigt woldm und doch wollten die Viandener dieses Interesse gänzlich wahren. Im Jahre 1875 wendeten sich die Viandener an den Staatsminist-r, derselbe möge ihnen behülstich sein, daß ja nur der in Diekirch wohnende Kandidat nicht gewählt werde, weil derselbe ein Gegner der Interessen des Vian» dener Kantons sein müßte. Was wohl die „Luxb. Ztg."" zu diesem Schritte sagen wird? Ist es je erhürt worden, daß Wähler sich von der Regierung Kandidaten erbitten und sie anstehen, einen Kandidaten zu unterstützen? Die Bittschrift besteht, sie ist gedruckt, und heute fagt der Correspondent, das Interesse des Kantons fei gänzlich beseitigt worden. Quelle palinodie 1 Der Correspondent stellt uns schließlich einige Fragen, die er uns zu beantworten bittet. Da wir uns jeder Mitwirkung bei der. Viandener Wahl enthalten haben, so wird der liberale Kandidat mit seinen acht Stimmen sich an Andere wenden müssen; er beantworte uns vor Allem die Fragen, die wir ihm gestellt haben: Wann, wo und wie ein Geistlicher mit dem Ausschluß von der ersten hl. Kommunion gedroht hat? Wo die 45 Wähler beim Hrn. Dechanten zu Gaste waren? Da eine Ehre der andern werth ist und da der Cor» respondent an Ort und Stelle ist, so fragen wir ihn, ob es wahr ist oder nicht, daß im Namen und Auftrag der Regierung — wir glauben, daß in diesem Punkte gelogen worden ist — den Bürgern uon Vianden gedroht worden ist, der Kanton würde unterdrückt, wenn Hr. Nepper gestimmt würde; ob es wahr ist oder nicht, daß gesagt worden ist, die Gendarmen hätten Auftrag, gewisse Reisende zu überwachen u. s. w. Das sind ganz andere Fragen als die, welche der Correspondent uns stellt.";946;ar;1883
luxwort-1889-03-22-a-i0023;;;LU;BNL;[Copyright restricted];True;N;True;luxwort-1889-03-22-a;de;Monte Cilorio|Monte Citolio|Deutschland|Oesterreich|Ilallen|Halbinsel;luxwort;na;Generalist;;1;na;italienische|Bismarck|Erispi|Nicoter|Pentarchift Baccarini|Clispi|Kiiegiminifter Berlolö Viale|Crispi|kleinen|David Italien|Horoscop|Neuitalien;na;1889-03-22T00:00:00Z;4.001292;Der tiefste Grund der italienischen Ministerkrisis.;tm-de-all-v2.0_tp53_de|0.428 tm-de-all-v2.0_tp82_de|0.114 tm-de-all-v2.0_tp95_de|0.075 tm-de-all-v2.0_tp87_de|0.071 tm-de-all-v2.0_tp79_de|0.069 tm-de-all-v2.0_tp44_de|0.06;1;[Copyright restricted];924;ar;1889
luxwort-1892-04-23-a-i0003;;;LU;BNL;[Copyright restricted];True;N;True;luxwort-1892-04-23-a;de;Teutschland|Berlin|Deutfchland|Chteago|Italien|Spanien|Bulgarien|Petersburg|Padifchah|Ruhland|Zarenreich|Rußland|Rio Grande do Sul|Lissabon|Brasiliens;luxwort;na;Generalist;;1,2;na;Kriegsminister Pelloux|Finanzminifter Colombo|Ministerpräsident di|Rudini|Fabius|Finanzminister Wyschnegradsl|Diktator da Fonseca;na;1892-04-23T00:00:00Z;4.063568;Rückblick auf die Woche.;tm-de-all-v2.0_tp53_de|0.502 tm-de-all-v2.0_tp01_de|0.072 tm-de-all-v2.0_tp24_de|0.07 tm-de-all-v2.0_tp82_de|0.051;2;[Copyright restricted];998;ar;1892
luxwort-1947-10-25-a-i0177;;;LU;BNL;[Copyright restricted];False;N;True;luxwort-1947-10-25-a;de;;luxwort;na;Generalist;;11;na;Aermel|Lelong|Christian Dior|Maggy Rouff|Jacques Fath|Mme Georges;na;1947-10-25T00:00:00Z;1.8664503;Page de la Femme;tm-de-all-v2.0_tp65_de|0.213 tm-de-all-v2.0_tp71_de|0.169 tm-de-all-v2.0_tp99_de|0.136 tm-de-all-v2.0_tp30_de|0.088 tm-de-all-v2.0_tp22_de|0.078 tm-de-all-v2.0_tp46_de|0.066 tm-de-all-v2.0_tp24_de|0.052;1;[Copyright restricted];3315;ar;1947
